,userId,movieId,rating
0,1000233,1833108,1.3333333333333333
1,1000233,1767939,0.3333333333333333
2,1001517,712958,1.0
3,100190,1293337,1.3333333333333333
4,1003930,1156812,1.0
5,1004722,1052580,1.0
6,1004722,361337,0.5
7,1005949,1049570,4.5
8,1006536,1503756,2.5
9,1011087,1045736,0.25
10,1011087,1466914,0.25
11,1011087,1099801,0.25
12,1011440,875845,0.5
13,1012417,1305966,0.6666666666666666
14,1013926,1118646,0.5
15,1014932,1275445,1.0
16,1014932,1827002,4.5
17,101604,452179,3.3333333333333335
18,101887,1118013,2.5
19,1019381,1597363,0.5
20,1019492,1558627,0.5
21,1021414,778170,0.5
22,1021687,452179,1.5
23,1023145,285632,0.3333333333333333
24,1024111,1711563,0.75
25,1025544,1320666,0.3333333333333333
26,1026920,351463,0.5
27,1027622,541660,4.5
28,1027696,1618884,1.0
29,1028221,546016,0.5
30,1028221,433012,0.5
31,1028506,1372707,0.5
32,1028506,410518,0.5
33,1029174,1036793,0.25
34,1029174,1945778,0.75
35,1029286,425126,0.5
36,1029808,1277279,0.3333333333333333
37,1030844,1306004,0.3333333333333333
38,1030902,1229887,0.3333333333333333
39,1031018,483125,3.0
40,1031139,1793539,0.6666666666666666
41,1032735,582983,0.25
42,1032735,1623451,0.25
43,1032735,1784743,0.25
44,1032770,1166966,0.5
45,1035418,1064648,4.0
46,1038114,1761053,0.25
47,1038114,1793271,0.75
48,1038345,1761053,0.5
49,1039119,1613275,2.0
50,1039252,1482129,1.0
51,1040003,91644,0.6666666666666666
52,1040506,1336006,0.5
53,1040506,1321499,1.0
54,1041135,918185,0.5
55,1041365,1922931,4.5
56,1041807,680434,0.25
57,1042490,242545,0.5
58,1042821,1892228,0.5
59,1043145,533889,2.25
60,1043145,1900422,0.5
61,1043226,1383869,1.5
62,1043624,210018,0.5
63,1043645,300045,0.3333333333333333
64,1044225,1306779,1.0
65,1044672,1865831,0.3333333333333333
66,1045210,1950237,0.5
67,1046230,670579,0.3333333333333333
68,1047057,1255844,2.0
69,1047621,1429542,0.25
70,1047621,1426542,0.25
71,1049511,967109,1.0
72,1050514,567451,0.5
73,1051199,1675486,0.5
74,1053359,1734138,0.75
75,1053842,1857716,0.25
76,1055060,1582352,0.5
77,1055303,975328,0.5
78,1055303,146480,1.5
79,105544,1559247,0.3333333333333333
80,105544,351438,0.3333333333333333
81,1056922,311456,0.5
82,1057125,1192122,4.0
83,1060099,1119495,0.25
84,1062120,1044856,1.0
85,1062223,624446,0.3333333333333333
86,1062412,1559483,2.0
87,1062708,1828894,0.5
88,1062708,168441,1.25
89,1063265,331021,0.25
90,1063645,2003720,2.6666666666666665
91,1064057,2050697,1.0
92,10642,1089493,1.0
93,1064430,351463,0.25
94,1064820,606791,2.0
95,1066344,387559,0.5
96,106827,132909,0.5
97,1068288,1961995,1.0
98,1068490,714859,4.0
99,1070010,1996735,1.0
100,1071913,1594701,0.5
101,1072249,1531830,1.0
102,1072249,911641,1.0
103,1073081,1482129,1.0
104,1073529,1033928,0.25
105,1073570,1589566,0.3333333333333333
106,1073570,1162496,0.3333333333333333
107,1073570,1143567,0.3333333333333333
108,1073604,65412,0.3333333333333333
109,1074014,1010789,0.3333333333333333
110,1074014,1155669,0.6666666666666666
111,1074322,805962,0.5
112,1074808,610503,0.6666666666666666
113,1075351,1727090,0.25
114,1075351,744592,0.25
115,1075569,1192122,0.75
116,1076668,1401494,0.5
117,1078358,1134942,3.0
118,1079154,1373523,0.5
119,1079409,170509,0.5
120,1079409,887533,0.5
121,1082338,192188,0.3333333333333333
122,1083535,574699,1.5
123,1084330,1630453,2.5
124,1085263,1736882,0.3333333333333333
125,1085263,293461,0.3333333333333333
126,108829,1027357,0.5
127,1091923,648006,1.25
128,1092151,586147,0.5
129,1093374,368586,3.0
130,1093714,534922,2.0
131,1099050,1593454,0.5
132,1099205,375971,0.5
133,1099657,714859,0.75
134,1100235,416332,0.5
135,1100512,1412859,1.0
136,1102520,47883,1.5
137,1103078,848708,0.5
138,1103167,636411,0.5
139,1104499,2007224,1.5
140,1104743,1740976,0.3333333333333333
141,1104749,1613275,0.3333333333333333
142,1104749,851150,1.3333333333333333
143,1105238,110116,1.0
144,1106232,1811728,0.5
145,1108162,1865831,0.6666666666666666
146,1108528,1556135,6.0
147,1108854,1209823,0.5
148,1111760,652320,0.3333333333333333
149,1111760,38203,4.0
150,1112534,1412859,0.6666666666666666
151,1112534,727883,0.3333333333333333
152,1112841,586147,0.3333333333333333
153,1113840,1384050,0.5
154,1114420,1495694,1.0
155,1117174,1045736,1.5
156,1117174,197904,2.5
157,1117399,173214,0.5
158,1117690,411821,1.0
159,1117813,772658,0.3333333333333333
160,1117813,875214,1.0
161,1118453,875845,0.3333333333333333
162,111886,1278899,1.0
163,1119935,1997397,1.0
164,1121045,1633041,0.5
165,1121045,81411,0.5
166,1121045,1087875,1.0
167,1121740,418778,0.5
168,1123517,206801,0.5
169,1123661,1980364,0.5
170,1123661,123485,0.5
171,1123860,1010789,0.5
172,1124111,1276322,0.25
173,1124648,1314116,0.3333333333333333
174,1125381,1239320,0.3333333333333333
175,1125930,1805409,0.5
176,1126209,189250,0.6666666666666666
177,1126410,1834919,3.0
178,112682,609913,1.0
179,112682,329853,1.5
180,1127086,1426542,1.0
181,1127686,243696,0.25
182,1127907,728731,2.6666666666666665
183,1130147,711848,0.25
184,1130494,311456,0.3333333333333333
185,1130754,1892228,0.25
186,1132175,717912,0.3333333333333333
187,113321,1389839,0.25
188,1134167,1873475,0.3333333333333333
189,11347,690183,2.0
190,1136192,329853,4.0
191,1137479,1799465,0.5
192,1139526,1580252,1.5
193,1139562,1529519,0.3333333333333333
194,1139562,2004479,0.3333333333333333
195,1139570,1644428,0.5
196,1140585,16601,0.3333333333333333
197,1141230,692640,0.5
198,114343,321023,0.25
199,114343,1966291,0.25
200,1147229,386114,0.6666666666666666
201,1147229,1824580,1.6666666666666667
202,1147465,1198970,0.3333333333333333
203,1148234,441238,0.5
204,1149042,1548436,1.0
205,1149042,1223295,1.0
206,1150086,1937142,0.5
207,1150238,552404,1.0
208,1150258,784116,4.0
209,1151747,834662,1.3333333333333333
210,1151747,415918,0.3333333333333333
211,1152111,1514756,0.5
212,1152111,2019657,0.5
213,115327,106996,1.5
214,1153361,1392615,0.5
215,1154090,1200739,0.25
216,1156241,311144,0.3333333333333333
217,1156700,1682758,1.5
218,1156936,782656,0.5
219,1156956,1727090,0.6666666666666666
220,1157384,1773318,2.25
221,1157749,1788350,0.5
222,1157909,183574,0.5
223,1159213,130405,0.6666666666666666
224,1159213,1314116,0.6666666666666666
225,116026,606791,0.5
226,1161310,896390,0.3333333333333333
227,1162006,1727090,0.5
228,1162524,188454,0.5
229,1162753,1223582,1.3333333333333333
230,1162753,1229887,1.6666666666666667
231,1163092,1793539,2.6666666666666665
232,116331,935012,0.5
233,1165443,1305966,0.3333333333333333
234,1166483,121509,5.75
235,1167268,1865831,0.5
236,1168247,1827002,0.3333333333333333
237,1168346,1271305,0.3333333333333333
238,1169046,99399,6.0
239,1169712,798964,0.5
240,1169712,1691682,0.5
241,1170941,762833,1.25
242,1172705,310775,0.5
243,1172705,1114491,0.5
244,1173734,769770,0.3333333333333333
245,1173734,1691682,0.3333333333333333
246,1173931,680915,0.5
247,1173964,165539,1.0
248,1173964,517463,0.25
249,1173964,479462,1.25
250,1173964,1546931,0.25
251,117462,1200739,1.0
252,1175931,102345,0.25
253,1175931,31821,0.25
254,1176733,662042,1.0
255,1177777,105684,0.5
256,1180086,563058,0.5
257,1180505,1623451,0.25
258,1181708,1648886,0.5
259,1181812,325900,0.5
260,1181838,996450,1.0
261,1181838,86802,0.5
262,1183238,1847206,2.0
263,1183707,1396373,1.5
264,1185240,1911241,2.5
265,1185417,901723,0.5
266,1185743,10632,0.5
267,1186340,50168,1.0
268,1186349,1602434,0.5
269,1186367,1827002,0.25
270,1186367,1284184,1.0
271,1186751,831683,0.5
272,1186751,1179322,0.5
273,1187192,1873475,0.5
274,1188454,374146,0.5
275,1188454,447184,0.5
276,1190671,1267677,0.5
277,1190728,1654243,0.3333333333333333
278,1190872,1036484,0.25
279,11919,1280078,0.5
280,119222,1582960,0.3333333333333333
281,1195536,805820,0.5
282,1195536,1616661,6.5
283,1195908,1897162,0.25
284,1196986,1477786,0.3333333333333333
285,1197786,20790,10.333333333333334
286,1198205,1403337,1.0
287,1198944,522560,11.0
288,1201617,1184617,0.6666666666666666
289,1201617,110433,0.3333333333333333
290,1201617,410422,0.3333333333333333
291,1201652,1608768,0.3333333333333333
292,1202102,1182599,0.5
293,1202102,1116715,0.5
294,1202153,1698174,1.5
295,1202516,1306004,0.3333333333333333
296,1202516,276249,0.3333333333333333
297,1202516,235875,0.6666666666666666
298,1203135,872904,0.5
299,1203844,831683,0.3333333333333333
300,1203844,1657123,1.0
301,1203906,1793271,0.5
302,1204273,452061,0.5
303,1206113,1780259,0.25
304,1206113,413818,0.25
305,1206113,282016,0.25
306,1206646,533188,0.5
307,1206898,1293216,0.6666666666666666
308,1206898,483125,0.3333333333333333
309,1207006,796559,0.3333333333333333
310,1207223,91644,0.5
311,120788,804646,0.5
312,1209424,79441,3.5
313,1210346,1583049,0.25
314,1210788,1178512,0.5
315,1210788,1289442,1.0
316,1212255,152132,1.0
317,1212435,93569,0.25
318,1212435,965089,0.75
319,1212454,571705,0.5
320,1212454,842731,0.75
321,1212454,1202347,0.25
322,1215267,1724152,1.0
323,1215890,410343,0.3333333333333333
324,1216197,1269589,0.5
325,1216486,1761053,4.0
326,1216547,629825,0.5
327,1216547,1689853,0.5
328,1216731,1979350,0.3333333333333333
329,121691,1318120,4.0
330,1218392,815072,0.25
331,1219438,1114491,0.3333333333333333
332,1220544,1707235,2.0
333,1220797,1849554,0.25
334,1220931,1740976,0.25
335,1221631,720598,3.0
336,1222096,1229887,0.5
337,122212,1329411,0.5
338,1225048,1662076,0.3333333333333333
339,1225475,782656,1.0
340,1225475,1712011,1.0
341,1225776,533889,0.3333333333333333
342,1227438,1931956,0.5
343,1227669,610503,0.3333333333333333
344,1227669,1602434,0.3333333333333333
345,1227670,411821,1.0
346,1228131,15339,0.5
347,1228748,642120,1.5
348,1230028,1797523,1.0
349,1230308,1396373,1.0
350,1230672,131731,0.5
351,1230672,1247781,0.25
352,1230676,1200583,0.3333333333333333
353,1230676,2047359,0.3333333333333333
354,123135,1045306,0.3333333333333333
355,1231525,1167545,0.3333333333333333
356,1232677,1160825,0.3333333333333333
357,1233443,1795797,1.0
358,1235462,1545181,1.5
359,123772,1838296,0.5
360,1239093,413548,1.3333333333333333
361,1239260,1654243,1.75
362,1239260,534922,0.25
363,123965,1996529,1.0
364,1240074,1210397,0.25
365,1240211,1293337,0.3333333333333333
366,1240211,809402,2.0
367,1242052,362896,0.5
368,1242413,1237908,0.25
369,1243182,1327344,0.5
370,1244753,2050697,0.75
371,1245165,774546,0.25
372,1245165,1633041,0.25
373,124519,1149773,0.5
374,1245372,1894960,0.3333333333333333
375,1245710,451312,3.25
376,1247103,1465952,0.3333333333333333
377,1247366,1283781,2.0
378,124924,1392615,0.5
379,1250579,571705,0.5
380,1250579,1251525,1.0
381,1250816,143548,1.5
382,1252046,1653085,0.5
383,1252480,924964,2.5
384,1252893,1734354,1.0
385,1253861,1821395,2.0
386,1254423,1902183,1.6666666666666667
387,1257804,138084,0.5
388,1259155,848708,0.5
389,1259204,1677337,0.3333333333333333
390,1259332,680915,0.5
391,1259439,208010,0.5
392,1260120,35484,2.0
393,1260204,680915,0.6666666666666666
394,1261450,2023241,0.3333333333333333
395,126220,1277279,1.5
396,1263851,872904,0.5
397,1263851,1757721,0.5
398,1264123,720598,3.5
399,1265038,1814791,2.5
400,1265038,690183,6.5
401,1265053,122335,1.3333333333333333
402,1265282,1711148,4.0
403,1266308,362896,0.3333333333333333
404,1266477,622438,1.3333333333333333
405,1266497,1077325,0.75
406,1266553,1748612,0.6666666666666666
407,1266553,1481599,1.0
408,1266597,749635,0.3333333333333333
409,1266920,1519412,0.5
410,1268417,2037473,1.5
411,1270322,183574,1.0
412,1270668,1171496,0.3333333333333333
413,1272232,227818,1.0
414,1272232,1155669,0.25
415,1272232,1276322,0.5
416,1272858,2031328,0.3333333333333333
417,1272858,210116,0.3333333333333333
418,1272923,2021079,1.0
419,1274557,1234704,1.0
420,1274635,1799465,0.5
421,127484,1947329,0.3333333333333333
422,127484,1026247,0.3333333333333333
423,127484,16323,0.3333333333333333
424,1275160,1791263,1.3333333333333333
425,1275761,1016948,0.5
426,1277815,1306004,0.3333333333333333
427,1277815,1450871,0.3333333333333333
428,1277962,1639511,0.3333333333333333
429,1278259,1787742,0.5
430,1278259,447184,0.5
431,1279394,1773318,0.5
432,127964,283926,0.25
433,1280704,1781134,0.5
434,1280704,310775,1.0
435,1281257,1230778,0.5
436,128242,1063224,2.0
437,1283708,1691682,0.25
438,1283708,769770,0.25
439,1284761,452179,5.5
440,128495,1854526,0.25
441,128495,1081517,0.25
442,1285454,168441,0.3333333333333333
443,1285454,1092575,0.3333333333333333
444,1286153,651026,0.3333333333333333
445,1286542,812304,0.5
446,1288854,805820,1.0
447,1289113,64694,1.0
448,128994,102345,0.5
449,1290586,1384050,0.5
450,1290745,1113425,0.3333333333333333
451,1290817,572154,0.5
452,129213,623801,0.3333333333333333
453,129247,1282308,0.5
454,1292697,1651509,0.25
455,1294963,495918,1.3333333333333333
456,1294963,1401494,0.3333333333333333
457,1295321,70508,0.3333333333333333
458,1295321,597723,1.6666666666666667
459,1295976,16323,0.5
460,1295976,483125,0.5
461,1297337,210116,2.0
462,1297956,590244,0.25
463,1297956,1859949,0.25
464,1298535,1553317,0.3333333333333333
465,1298952,1734138,1.75
466,129960,1184617,1.6666666666666667
467,1300588,230026,0.3333333333333333
468,1301060,804646,0.3333333333333333
469,1302417,900507,0.25
470,1302417,1014324,0.25
471,1303604,95659,0.3333333333333333
472,1303679,1016948,0.25
473,1303679,29474,1.25
474,1306312,1545181,0.25
475,1306613,1141394,0.25
476,1308911,289184,0.3333333333333333
477,1308911,1706586,0.3333333333333333
478,130924,1115585,0.25
479,130924,1814978,0.25
480,130924,1478800,0.5
481,1310040,1173290,2.3333333333333335
482,131054,1950749,15.25
483,1312005,743907,0.5
484,1312005,1633620,1.0
485,1312735,1695468,2.5
486,1312767,1470027,0.3333333333333333
487,1313703,1819621,0.25
488,1314101,425051,3.0
489,1315929,1764191,0.6666666666666666
490,1315929,791745,0.6666666666666666
491,1315929,804755,1.3333333333333333
492,1316016,692640,3.5
493,1316443,643265,1.0
494,1316902,586147,1.0
495,1319936,129270,0.3333333333333333
496,1320619,366378,1.0
497,1320961,1256699,1.6666666666666667
498,1321234,1230778,2.25
499,1322395,1489102,2.0
500,132614,494432,0.5
501,132614,341679,0.5
502,1326159,1695468,0.3333333333333333
503,1326159,351438,0.3333333333333333
504,1326842,1087875,0.5
505,1328847,821103,0.5
506,1329424,218276,0.3333333333333333
507,1329424,1321499,0.3333333333333333
508,1329476,529166,0.5
509,1330400,451312,1.6666666666666667
510,1331837,1033928,8.0
511,1331843,1239320,0.5
512,1332363,1931956,0.5
513,1333505,1819621,0.3333333333333333
514,1333906,1470027,0.6666666666666666
515,1336394,321023,0.25
516,1336394,636247,0.25
517,1336517,1185322,0.5
518,1336814,441238,0.25
519,1340605,320169,1.0
520,1341990,1013034,0.5
521,1342158,1146456,1.5
522,1342294,1127458,1.0
523,1343093,866256,0.25
524,1344650,1250497,0.5
525,1344650,1771996,0.25
526,1344650,410422,0.5
527,1345165,1702563,2.0
528,1345418,383689,0.25
529,1345418,1799936,0.25
530,1345596,1892228,0.5
531,1345794,1799971,0.5
532,1345906,921842,0.3333333333333333
533,1346846,1639511,0.5
534,1346900,1633041,0.5
535,1346900,1087875,1.0
536,1348027,48176,0.5
537,1348027,89180,0.5
538,1349144,1978457,0.25
539,1349144,441238,1.5
540,135022,1854526,0.3333333333333333
541,1350772,1113425,0.3333333333333333
542,1351900,399760,1.0
543,1354782,529166,0.25
544,1354854,1593126,5.5
545,1354914,454137,1.0
546,1357173,1507916,1.6666666666666667
547,1357173,603488,0.3333333333333333
548,135739,1283781,2.3333333333333335
549,1359759,1945778,0.5
550,1359774,1582787,0.5
551,1361067,1132810,0.3333333333333333
552,1361067,1703681,0.3333333333333333
553,1361116,1223582,0.3333333333333333
554,1361484,902683,2.0
555,1363171,451312,3.0
556,1363356,351463,0.5
557,1363356,2035425,1.0
558,1364154,1330060,0.5
559,1365018,323936,0.5
560,1365388,734351,1.0
561,1367542,1756458,1.5
562,1367542,606791,0.5
563,1368166,288653,0.5
564,1369887,64694,0.3333333333333333
565,1369955,1306779,1.0
566,1370698,1630453,0.5
567,1370703,1793539,0.5
568,1370703,711735,4.0
569,1371966,597723,0.3333333333333333
570,1371966,70508,2.0
571,137245,1238837,0.3333333333333333
572,137245,804646,0.3333333333333333
573,1373190,1231608,1.6666666666666667
574,1373190,121509,0.6666666666666666
575,1373190,1715133,0.3333333333333333
576,1373424,1959388,1.0
577,1373716,135733,0.3333333333333333
578,1373716,688709,0.3333333333333333
579,1375360,329853,0.5
580,1375578,1801590,0.3333333333333333
581,1378797,271857,0.5
582,1378971,1503756,2.5
583,1379257,70508,0.6666666666666666
584,1379257,597723,1.3333333333333333
585,1379745,273924,0.5
586,1382555,1214771,0.5
587,1382628,500889,4.0
588,1382628,1329411,1.0
589,138396,1499343,1.0
590,1384199,1315059,0.3333333333333333
591,1385752,1707064,0.5
592,1386575,1250537,1.0
593,1386953,1194298,0.5
594,1387389,192188,0.25
595,1387389,901723,0.25
596,1388929,1396373,5.666666666666667
597,138897,1608768,5.333333333333333
598,1392293,1724152,0.5
599,1392484,1653085,0.5
600,1393216,210116,0.3333333333333333
601,1393507,1177883,0.6666666666666666
602,1393507,1143567,1.0
603,1393891,1497477,0.5
604,1393891,626185,1.0
605,1394855,1039231,0.75
606,139672,413548,2.0
607,1397711,122590,0.25
608,1397859,1223582,1.0
609,139910,4766,0.5
610,1399808,1008293,0.5
611,1399881,1931956,1.0
612,1400491,1996735,1.3333333333333333
613,1400834,177343,1.0
614,1401324,1819621,0.3333333333333333
615,140145,332345,0.5
616,1401616,286012,0.5
617,1402325,1119151,0.3333333333333333
618,1403170,1643144,1.0
619,1405848,972921,2.0
620,1407061,1295538,1.0
621,1407061,838094,0.5
622,1407099,530973,0.5
623,1408157,332043,0.5
624,1411041,2003720,0.5
625,1411694,1605923,0.25
626,1413929,1178427,0.25
627,1413980,1677298,0.3333333333333333
628,1416062,2007224,0.6666666666666666
629,1416587,1609264,1.0
630,1416742,1429542,1.0
631,1417405,298541,0.25
632,1418171,2007224,4.0
633,1419385,1036793,0.5
634,1419385,1316354,1.0
635,1419483,1810057,0.25
636,1419483,583061,0.25
637,1419483,1797217,0.25
638,1419824,864707,0.6666666666666666
639,1420849,1105769,1.0
640,1421556,1953169,0.75
641,1422368,290894,0.5
642,1422368,1589566,0.5
643,1422831,1677760,6.0
644,1423539,1256699,1.6666666666666667
645,1423678,1500421,0.25
646,1423834,553583,0.5
647,1426227,664368,0.3333333333333333
648,1426227,191569,0.3333333333333333
649,1426227,215225,0.3333333333333333
650,1427042,289184,0.6666666666666666
651,1427042,1706586,0.3333333333333333
652,1427362,590791,0.5
653,1428524,769770,0.25
654,1428524,1691682,0.25
655,1428565,1529519,0.6666666666666666
656,1428565,921842,0.3333333333333333
657,1428565,1997397,0.6666666666666666
658,1430977,1885851,0.5
659,1431728,1097778,0.5
660,1431728,1780006,0.5
661,1431728,750720,0.5
662,1431902,1823866,1.0
663,143297,2047125,1.0
664,1433319,1157831,0.5
665,1433904,410422,1.0
666,1434731,482917,0.5
667,1434753,70508,0.25
668,1434753,597723,0.25
669,1434945,332345,0.5
670,1438085,311144,0.6666666666666666
671,1438085,1084283,0.3333333333333333
672,1438914,278432,1.5
673,1439024,186558,0.25
674,1439687,1026387,0.75
675,1441690,616918,2.0
676,1441775,1978686,0.5
677,1442918,1956689,0.5
678,1443294,1211133,0.5
679,1443488,1463307,0.5
680,1447085,1045736,0.3333333333333333
681,1447085,197904,0.3333333333333333
682,1448573,206360,0.25
683,1448573,864707,0.25
684,1448911,565615,1.0
685,1449460,1373523,1.0
686,1450106,375971,0.6666666666666666
687,1450419,1798679,0.25
688,1450419,1703681,0.25
689,1450419,1673520,1.25
690,1452575,529166,0.5
691,1452781,1801590,0.5
692,1453293,1940600,0.5
693,1453363,1723849,0.5
694,1453363,1492514,0.5
695,1453605,170509,0.5
696,1453651,932699,0.5
697,1454513,606082,6.0
698,1454920,1484758,0.25
699,1455274,1175103,0.25
700,145659,1069889,0.6666666666666666
701,1457303,1546687,0.5
702,1457344,843301,2.6666666666666665
703,1458807,1819621,0.3333333333333333
704,1459771,572154,0.25
705,1459771,1139594,0.25
706,1459771,1714458,0.25
707,1460237,564456,0.3333333333333333
708,1460237,1081517,0.3333333333333333
709,1460419,1391883,2.0
710,1461104,1508796,2.0
711,1462273,1810057,0.6666666666666666
712,1462273,583061,0.6666666666666666
713,1463349,204495,0.25
714,1463514,1369733,1.0
715,1466167,130405,0.5
716,1466878,321023,0.25
717,1466878,636247,0.25
718,146737,50168,1.0
719,1469418,1058597,2.0
720,1469553,1431195,4.0
721,1470288,1414976,1.5
722,1470372,1945778,1.0
723,1472738,1905757,0.5
724,1472738,1494806,0.5
725,1472738,1566422,0.25
726,1472738,461416,0.25
727,1474324,2050572,0.25
728,1474324,120848,0.25
729,1474576,1682249,1.0
730,1474576,2021079,0.5
731,1475186,1096588,0.3333333333333333
732,1476675,610103,0.5
733,1479134,624446,0.25
734,148036,1811728,0.5
735,1480774,1560109,0.5
736,1480912,1746033,0.5
737,1481452,494432,0.3333333333333333
738,1481524,1371401,0.5
739,1481939,717912,0.3333333333333333
740,1481973,1171496,1.0
741,148325,1805349,1.3333333333333333
742,148325,816256,0.3333333333333333
743,1483303,1465952,1.5
744,1483759,1507916,0.5
745,1483759,603488,1.75
746,14848,489067,0.5
747,1485257,652320,1.0
748,1485485,1703681,0.25
749,1487144,1178427,0.5
750,1487388,1799936,0.6666666666666666
751,148822,346524,1.0
752,148822,1752258,0.6666666666666666
753,1489301,219011,0.3333333333333333
754,1489301,1044856,3.0
755,1489586,305251,0.3333333333333333
756,1489586,1854774,0.3333333333333333
757,1490248,2019657,0.3333333333333333
758,1490300,1571190,4.0
759,1490464,1648886,0.75
760,1491649,1657123,0.5
761,1493917,1256224,0.25
762,1494448,177343,0.75
763,149478,2019814,0.3333333333333333
764,1495220,1571190,1.0
765,1495381,1193479,0.5
766,1496095,781210,0.5
767,1496095,224687,0.25
768,1496095,1052580,0.25
769,1496265,1214576,1.5
770,1497195,590791,1.3333333333333333
771,149770,1487549,5.0
772,1498157,361337,1.0
773,1498157,911282,1.3333333333333333
774,1499563,1119151,5.666666666666667
775,1499736,1677337,0.5
776,1499736,1559142,1.25
777,1499736,556694,1.5
778,1500899,146480,0.5
779,1501119,1482129,0.5
780,1502299,1546931,1.0
781,1503310,1706586,1.0
782,1503554,711848,0.5
783,1503677,1781071,0.3333333333333333
784,150368,457269,0.5
785,1506632,798037,0.3333333333333333
786,1507442,2047125,0.5
787,1507511,1234704,0.5
788,150892,1163805,0.25
789,150892,1643144,0.5
790,151146,1306004,0.5
791,151154,1224531,0.5
792,1512386,533188,1.5
793,1513543,783157,0.75
794,1516297,188454,1.0
795,1516297,911282,0.6666666666666666
796,1517562,563058,1.3333333333333333
797,1517613,752442,0.5
798,1519859,1715832,0.5
799,1524156,179456,0.5
800,152489,1410533,0.3333333333333333
801,1525899,1315764,0.5
802,1527941,1211133,1.0
803,152809,1175103,0.6666666666666666
804,1528535,354887,0.5
805,1529384,1791263,3.5
806,1533492,1773318,0.5
807,1533617,1494972,1.0
808,1533800,359379,0.25
809,1534241,401449,0.3333333333333333
810,1534700,1529519,0.5
811,1535669,1924688,0.5
812,1536986,552404,0.25
813,1538342,1215256,1.0
814,1538791,1979309,0.5
815,1539414,15339,0.25
816,1539858,1488860,0.3333333333333333
817,1541215,1996529,0.3333333333333333
818,1542407,359656,3.0
819,1543959,858157,0.5
820,1544379,858157,0.6666666666666666
821,1546577,2050697,0.3333333333333333
822,1546854,1799465,0.6666666666666666
823,1547192,1739767,0.6666666666666666
824,1547192,1793539,0.3333333333333333
825,1548044,1566422,0.5
826,1548044,151625,0.5
827,1548044,461416,0.5
828,1548044,255882,0.5
829,1548393,347251,1.5
830,15514,1618884,1.0
831,1552213,1675486,3.0
832,1552213,831683,0.5
833,1553457,783952,0.5
834,1553769,1171496,0.3333333333333333
835,1553894,1220064,0.25
836,1553894,276850,0.25
837,1554636,1612697,0.75
838,155488,278432,1.0
839,1555272,1092405,0.5
840,1555463,1821395,1.0
841,1556596,1156812,0.3333333333333333
842,1557519,138084,0.3333333333333333
843,1557749,1184617,0.6666666666666666
844,155937,1441288,2.0
845,1560811,1282308,1.5
846,1561428,1727090,0.3333333333333333
847,1562133,1653085,0.5
848,1562433,918185,0.5
849,1563138,575740,1.5
850,1563947,375971,2.0
851,1564522,1391097,0.3333333333333333
852,1565057,81411,1.0
853,1565125,1507916,0.5
854,1566408,875845,1.0
855,1567622,1087875,1.0
856,1568311,655092,0.25
857,1568311,1679064,0.25
858,1568311,1297297,0.75
859,1570135,921660,0.5
860,1570135,1128693,4.5
861,1570786,451312,1.0
862,1570918,1894960,2.5
863,1571191,79441,0.5
864,1571407,606082,3.25
865,1571407,579521,0.25
866,1571923,662042,0.25
867,1571923,371614,0.25
868,1572061,572154,0.5
869,1572239,806549,0.25
870,1573100,887145,1.5
871,1575054,2004479,1.0
872,1577327,327638,0.3333333333333333
873,1577378,852645,0.5
874,1578187,780383,0.3333333333333333
875,1580791,1613200,0.5
876,1581019,1356535,0.25
877,1581500,852645,2.0
878,1582731,425126,0.25
879,1583826,1345555,0.3333333333333333
880,1584304,1192122,0.5
881,1584304,692640,0.5
882,1584322,1519412,0.5
883,1584531,1290627,0.3333333333333333
884,1584531,218339,1.0
885,1588004,1119078,0.3333333333333333
886,1590303,1418456,0.25
887,1590303,415067,1.0
888,1591745,105684,0.25
889,1591745,447184,0.25
890,1591873,1013034,1.5
891,1592166,1152649,0.3333333333333333
892,1592490,1450871,0.6666666666666666
893,1592988,883904,0.6666666666666666
894,1593214,1677760,1.0
895,1594861,582750,0.5
896,1595336,190124,1.0
897,1595336,1013034,1.0
898,1595481,996450,1.0
899,1596403,506478,1.0
900,1596846,573814,0.3333333333333333
901,1597090,1010958,1.5
902,1599509,1426542,3.75
903,1600435,858157,1.0
904,1600509,1027357,0.5
905,160101,1036793,0.5
906,1601740,818837,0.5
907,1601904,99399,9.666666666666666
908,1602078,416332,0.75
909,1604379,1885851,0.6666666666666666
910,1604580,1315059,0.5
911,1605235,1736882,0.5
912,1607180,1796060,1.5
913,1607180,413548,0.5
914,1607661,1795797,0.25
915,1609055,1318120,0.5
916,1609653,135733,0.5
917,1610799,1674570,0.25
918,1610799,673021,0.25
919,1610799,110116,1.0
920,1611179,1885851,1.0
921,1611418,778170,0.3333333333333333
922,1611418,1613200,0.6666666666666666
923,161211,1309033,1.0
924,1612222,1078696,0.3333333333333333
925,1614128,2018951,0.5
926,1614402,1211944,0.5
927,1614402,1791898,1.25
928,1615050,1700882,4.0
929,1615050,1314497,1.0
930,1618321,1888052,0.6666666666666666
931,1619454,1200400,0.5
932,1620083,1801590,0.25
933,1621631,653911,0.5
934,1621761,1256648,0.5
935,1623178,609913,0.5
936,1623763,2016150,4.25
937,1623763,346103,1.5
938,1623765,255204,1.0
939,162456,31821,0.5
940,1624651,1740680,0.3333333333333333
941,1624651,410518,0.3333333333333333
942,1625189,1336006,0.5
943,1626252,935012,1.75
944,162791,552404,0.5
945,1628086,197904,0.3333333333333333
946,1629163,88219,2.0
947,1629400,782656,0.25
948,1629400,418778,0.25
949,1629482,2045754,0.5
950,163035,1805349,2.0
951,1631281,374018,0.6666666666666666
952,1634697,1214576,0.3333333333333333
953,1636228,1267677,1.25
954,1637257,1915506,0.6666666666666666
955,1637458,1642982,0.5
956,1637747,1115585,0.25
957,1637747,1814978,0.25
958,1637747,1478800,0.75
959,1638682,1748612,0.3333333333333333
960,1638682,1707235,0.3333333333333333
961,1638899,1218673,0.5
962,1638899,372819,0.5
963,1638899,551949,4.75
964,1640196,513486,2.5
965,1640196,1201862,8.5
966,1640858,1286021,0.3333333333333333
967,1641857,504183,7.333333333333333
968,1642587,144930,0.5
969,1642595,1868968,0.3333333333333333
970,1642595,1926569,0.6666666666666666
971,1642668,415858,0.5
972,1643306,315367,1.25
973,1643306,1922706,1.25
974,1644604,1200583,0.5
975,1645177,323936,0.5
976,1645629,1740976,0.5
977,1645832,491201,0.5
978,1647084,1418456,1.0
979,1647084,415067,1.0
980,1647641,48176,0.5
981,164789,1894937,0.3333333333333333
982,164789,95659,1.0
983,1649019,1937142,0.5
984,1651517,1682758,0.5
985,1653199,320169,1.0
986,1654407,1756458,0.5
987,1654516,1548436,0.25
988,1654947,1146456,0.6666666666666666
989,1655089,1727090,1.3333333333333333
990,1656198,215225,0.3333333333333333
991,165649,70508,2.5
992,1656526,709162,0.3333333333333333
993,1656526,20790,0.6666666666666666
994,1658228,485206,0.3333333333333333
995,1658881,1143567,2.0
996,1660080,1200739,0.25
997,1660921,16963,0.3333333333333333
998,1660921,1492514,0.3333333333333333
999,1660921,1723849,0.3333333333333333
1000,1661398,1300441,1.0
1001,1661962,745974,0.5
1002,166230,1715133,0.5
1003,166230,15339,0.25
1004,166230,1231608,0.75
1005,1662331,1105769,1.0
1006,1664403,1589566,0.3333333333333333
1007,1664403,410343,0.3333333333333333
1008,1666001,1234027,0.5
1009,1666001,1712011,0.5
1010,1669445,410422,0.25
1011,1670690,103980,0.5
1012,1671658,2050572,1.5
1013,1672131,966777,0.5
1014,1672295,1528442,1.0
1015,1673627,766715,0.5
1016,1673627,1819621,0.5
1017,1676968,38203,0.25
1018,1676968,538265,0.25
1019,1676968,1920046,0.25
1020,1678936,772177,0.6666666666666666
1021,1678936,1810057,0.3333333333333333
1022,1679236,574699,0.75
1023,1679255,1647019,0.3333333333333333
1024,1679587,1179322,0.5
1025,1679587,912731,0.5
1026,1679826,1383869,0.5
1027,1679849,401449,1.0
1028,1679849,132909,0.75
1029,1681380,972921,1.0
1030,1681786,1025459,0.5
1031,1683412,130405,1.0
1032,1683474,20790,0.5
1033,1683604,1442774,1.0
1034,1683687,1503711,0.5
1035,1684111,1484758,0.5
1036,1684608,1601192,0.5
1037,168461,286012,0.5
1038,1685711,924964,0.25
1039,1686450,415858,1.0
1040,1686542,3977,0.75
1041,1686542,37080,0.75
1042,1686542,1653085,0.75
1043,1687325,1391883,0.5
1044,1688355,7450,0.5
1045,1689238,1138869,0.5
1046,1691341,323936,0.5
1047,1692945,410518,0.5
1048,16932,609104,0.5
1049,1693411,1535707,0.5
1050,1693422,1284548,0.75
1051,1693422,768826,0.25
1052,1694829,374146,2.0
1053,1694829,489067,1.3333333333333333
1054,1697259,182088,2.5
1055,169783,1339208,0.5
1056,1700457,15339,4.0
1057,170172,48176,0.25
1058,1702714,1832960,1.3333333333333333
1059,1703248,1119151,0.3333333333333333
1060,1703966,520119,0.5
1061,1704270,749635,0.5
1062,1704596,1250497,0.5
1063,1705225,1013034,1.3333333333333333
1064,1708507,669978,1.0
1065,1709262,996450,0.3333333333333333
1066,1710548,2056951,0.3333333333333333
1067,1710624,1089493,0.3333333333333333
1068,1711017,552404,0.5
1069,1711081,1902183,4.0
1070,1711081,383689,0.5
1071,1711766,1192122,0.3333333333333333
1072,1713062,1391097,1.25
1073,1713879,368586,0.5
1074,1714358,1261650,0.25
1075,1714358,182681,0.25
1076,1716104,609913,5.0
1077,1717183,103980,0.6666666666666666
1078,1718181,122590,0.5
1079,1719411,372819,1.0
1080,1722362,534922,0.25
1081,1722687,1078696,1.0
1082,1724098,709162,2.0
1083,1725043,1922931,9.0
1084,1725216,629825,0.6666666666666666
1085,1725216,1215256,0.3333333333333333
1086,1725303,35047,0.3333333333333333
1087,1725673,1653085,5.5
1088,1726526,918185,0.3333333333333333
1089,1726714,1026247,0.3333333333333333
1090,1727181,441238,2.5
1091,1728403,1306779,1.0
1092,1729103,798964,0.3333333333333333
1093,1729224,1898213,0.5
1094,1729249,479462,0.25
1095,1729684,1777070,0.3333333333333333
1096,1730362,1531830,0.3333333333333333
1097,1730448,851150,0.5
1098,1730448,1698174,3.5
1099,1730805,666360,2.5
1100,1731107,573814,0.5
1101,1732032,807351,0.5
1102,1732785,1900422,0.5
1103,1733730,142127,1.0
1104,1735278,1010958,0.25
1105,1736853,1450871,0.3333333333333333
1106,1736957,890792,0.5
1107,1737030,2056101,1.5
1108,1737513,1396373,3.25
1109,1737947,495918,2.5
1110,1741275,1406766,1.6666666666666667
1111,1741275,1559247,1.0
1112,1742353,1712011,1.0
1113,1742623,191569,0.25
1114,1743179,123706,1.3333333333333333
1115,1743232,459559,0.3333333333333333
1116,1743750,1647019,0.5
1117,1744096,123706,0.6666666666666666
1118,17450,799976,1.0
1119,1746830,1862999,2.0
1120,1746830,401449,0.5
1121,1747240,780383,2.0
1122,174900,284248,0.5
1123,174914,1997397,0.5
1124,1749760,625789,0.5
1125,1749958,1058597,11.0
1126,1750414,1819621,0.5
1127,1750995,1309033,0.5
1128,1751975,427354,1.0
1129,1752993,346103,0.5
1130,1755393,1371401,0.5
1131,1756893,805962,1.0
1132,1757539,1215256,4.0
1133,1757539,1905798,0.5
1134,1758049,298541,0.25
1135,1759814,1195030,0.5
1136,1761113,1642982,0.25
1137,1762292,1601192,4.5
1138,1762348,1589566,1.0
1139,1763587,1508796,1.0
1140,1764624,179456,0.3333333333333333
1141,1764991,485206,1.0
1142,1765668,714859,0.3333333333333333
1143,1767385,574699,1.5
1144,1768249,753027,1.0
1145,1772662,1781071,0.75
1146,1773340,590244,0.3333333333333333
1147,1774348,1402706,0.3333333333333333
1148,1774348,727883,0.3333333333333333
1149,1774935,1874249,0.5
1150,1775182,1865831,0.25
1151,1775546,1282308,0.3333333333333333
1152,1776356,210018,0.5
1153,1776674,1643243,5.333333333333333
1154,1778159,1756458,0.5
1155,1778776,1149484,0.5
1156,1780668,354887,4.5
1157,1780668,38203,2.5
1158,1781030,544932,1.0
1159,1781165,1316354,1.0
1160,1781279,1410533,2.0
1161,1782708,1599214,0.5
1162,1784192,2047125,0.3333333333333333
1163,1784771,651026,0.3333333333333333
1164,1786964,826214,0.25
1165,1786964,553583,0.25
1166,1787083,276249,0.5
1167,1790647,425051,1.0
1168,1792228,1781071,1.0
1169,179304,1049570,0.5
1170,179304,1739767,1.0
1171,1796426,1314116,3.0
1172,1799452,1064648,2.0
1173,1799613,169510,0.25
1174,1800567,1953169,0.3333333333333333
1175,1800585,1247781,0.5
1176,1801647,967109,1.0
1177,1803161,418778,1.6666666666666667
1178,1803756,1320666,0.5
1179,180393,918185,0.3333333333333333
1180,1804303,149250,0.25
1181,1804303,1663783,0.25
1182,180519,993346,1.0
1183,1805700,1457093,1.0
1184,1807210,106996,0.5
1185,1807599,273924,0.6666666666666666
1186,1807599,844609,0.3333333333333333
1187,1810521,1331862,1.0
1188,1810778,452179,0.3333333333333333
1189,1810778,2031328,0.3333333333333333
1190,1811515,1911241,3.5
1191,181263,868750,0.3333333333333333
1192,1813355,1838296,0.6666666666666666
1193,1813597,1560109,1.0
1194,1814462,648650,0.25
1195,1815109,1557696,1.5
1196,1815248,1897400,0.3333333333333333
1197,1816697,538265,0.3333333333333333
1198,1816918,1854774,0.6666666666666666
1199,181800,1337679,0.5
1200,1818783,1997713,0.5
1201,1819182,590791,3.0
1202,1820809,179456,0.5
1203,1820951,1213409,0.5
1204,1822467,110433,0.6666666666666666
1205,1823386,416332,0.6666666666666666
1206,1823936,1495694,0.25
1207,1824063,798772,2.0
1208,1825582,1813371,3.0
1209,1825582,963197,1.0
1210,1826278,1484758,0.25
1211,1826785,1842060,2.0
1212,1828902,1157831,0.3333333333333333
1213,1832508,1734354,1.0
1214,1832508,1653085,1.0
1215,1832523,100763,1.0
1216,1832523,401449,1.0
1217,1832689,130405,0.5
1218,1832689,16323,0.25
1219,1832689,1998640,1.25
1220,1834441,1780006,0.3333333333333333
1221,1836004,238069,0.5
1222,1836004,1322972,0.5
1223,1838255,855944,0.5
1224,1839129,1179322,0.5
1225,1839359,640462,0.5
1226,1839564,1465952,0.3333333333333333
1227,1839619,222854,0.5
1228,1840511,1915506,0.5
1229,1840511,1487549,1.0
1230,1840697,707469,0.5
1231,1840899,1069889,2.0
1232,1841774,1372707,0.5
1233,1841774,208010,0.5
1234,1842489,1056844,0.5
1235,1847094,2023241,1.0
1236,1848473,170509,2.0
1237,1849130,1494972,1.0
1238,1849424,375971,0.6666666666666666
1239,1849630,1695468,0.5
1240,1851237,1612697,3.5
1241,185374,131731,0.5
1242,1854327,1149484,1.0
1243,1855574,2031328,0.5
1244,1856967,1633041,0.5
1245,1857595,1078696,0.5
1246,1857675,717912,0.5
1247,1857675,1450871,0.5
1248,185884,1643144,0.5
1249,1858926,1246764,2.0
1250,1859434,1293216,1.0
1251,1859434,1842060,1.0
1252,1860416,636247,0.25
1253,1861097,1286021,0.25
1254,1861508,1503756,0.5
1255,1861569,2047125,0.5
1256,1862710,1838296,0.25
1257,1862786,1149773,0.5
1258,1863651,1317350,0.25
1259,1863851,186558,1.0
1260,186832,606082,1.0
1261,1869090,1535715,2.0
1262,1871180,517112,0.25
1263,1871180,1657123,1.0
1264,1871780,1238837,0.25
1265,1871780,804646,0.5
1266,187256,1780006,0.5
1267,1874316,1608768,0.5
1268,187588,387559,2.0
1269,1876807,504183,3.5
1270,1877097,182681,0.5
1271,1878598,1457093,0.3333333333333333
1272,1879184,122335,1.25
1273,1879454,305251,0.3333333333333333
1274,1879454,1854774,0.3333333333333333
1275,1881517,1557559,2.5
1276,1881998,1249964,0.25
1277,1882142,1269589,1.0
1278,1885799,1508796,2.5
1279,1886178,1045306,0.5
1280,1887221,1201990,0.5
1281,1887742,278432,0.5
1282,1888562,1118646,0.5
1283,1890336,1238837,0.5
1284,1890336,1435366,0.5
1285,1890735,311456,1.0
1286,1891232,1182729,0.5
1287,1891232,191569,0.5
1288,1893129,1211944,0.25
1289,1893129,1791898,1.0
1290,1893557,843301,0.5
1291,1893789,1507940,1.0
1292,1893789,152346,9.5
1293,1897493,1813371,1.0
1294,1897493,963197,1.0
1295,1897647,1771996,3.0
1296,1899875,636247,0.25
1297,1899875,218276,1.5
1298,1899875,1763386,0.75
1299,1900775,1859949,0.5
1300,1903246,1500421,0.3333333333333333
1301,1904485,622438,3.5
1302,1904709,1734354,0.6666666666666666
1303,1905621,1146456,1.0
1304,1905728,1702563,0.5
1305,1905888,1831911,1.0
1306,190589,1821395,2.5
1307,1906269,1141394,0.3333333333333333
1308,1906397,1045736,7.0
1309,1906610,532669,2.5
1310,1906658,120688,0.25
1311,1906658,772403,0.25
1312,190677,1008293,0.5
1313,1907605,1201990,0.5
1314,1907921,230026,1.25
1315,1908255,1642982,0.25
1316,1908431,1407263,0.25
1317,1908431,1256699,3.75
1318,1908772,1894937,0.25
1319,190948,333971,0.3333333333333333
1320,190973,412553,2.5
1321,190973,692640,0.5
1322,1910833,144930,0.5
1323,1911231,843301,0.5
1324,1911640,1691682,0.25
1325,191215,1315764,0.6666666666666666
1326,1912927,1387191,1.3333333333333333
1327,1914093,518755,0.5
1328,1915316,625789,0.3333333333333333
1329,1915720,1322255,0.25
1330,1915720,848360,0.25
1331,1915977,425051,2.0
1332,1917469,1481599,0.5
1333,1918497,99399,0.5
1334,1922652,1648886,0.5
1335,1923449,1306779,0.5
1336,1924096,1550465,0.5
1337,1924254,692159,1.0
1338,1926501,1799971,0.25
1339,1926501,1766477,0.25
1340,1926742,15339,5.0
1341,1926742,996450,5.0
1342,1928060,1711148,1.5
1343,192808,534922,1.3333333333333333
1344,192808,626187,0.3333333333333333
1345,1928340,169510,0.3333333333333333
1346,1928376,282016,0.5
1347,1932959,750208,0.25
1348,1932959,10254,0.25
1349,1934353,1738307,0.5
1350,193444,1978311,0.25
1351,193444,1250537,0.25
1352,1934886,728731,1.3333333333333333
1353,1935099,1325177,0.5
1354,1935563,1997713,0.25
1355,1936644,144930,1.0
1356,1937491,1847206,1.5
1357,1937704,1964113,1.0
1358,1939500,1478385,0.3333333333333333
1359,1939748,902683,2.6666666666666665
1360,1939748,224687,0.3333333333333333
1361,1940311,1182729,0.3333333333333333
1362,1940707,582280,0.75
1363,1940991,1092405,0.5
1364,1940991,772658,5.0
1365,1944091,10119,0.6666666666666666
1366,1944708,106996,0.3333333333333333
1367,1946589,1937478,2.3333333333333335
1368,1946708,534922,4.666666666666667
1369,1946708,1654243,0.3333333333333333
1370,194707,769770,0.3333333333333333
1371,194707,1691682,0.3333333333333333
1372,1948306,65412,1.5
1373,1948499,1805349,1.5
1374,1949961,1529698,1.0
1375,1950627,640462,0.25
1376,1950765,1250497,1.0
1377,1952452,412553,0.75
1378,1952452,1947329,0.5
1379,1953920,812304,5.5
1380,1954293,1495694,0.25
1381,1954293,1791898,0.25
1382,1954821,422074,0.5
1383,1954821,950342,0.5
1384,1955037,858157,0.25
1385,1955037,1356535,1.25
1386,1955553,238069,1.5
1387,1955643,581350,1.0
1388,1955813,623801,0.3333333333333333
1389,1956163,1484758,0.25
1390,1956581,413070,1.0
1391,1957332,1238837,0.5
1392,1958103,717912,0.5
1393,1959007,1546687,1.0
1394,1959903,553583,0.3333333333333333
1395,1960276,284248,0.25
1396,1960496,833151,5.0
1397,1961087,1799936,0.5
1398,1964673,1751601,0.5
1399,196472,190756,0.5
1400,1965269,99399,0.3333333333333333
1401,1965473,1644428,0.5
1402,1967854,1036793,0.5
1403,1967911,1608768,0.75
1404,1968744,1194298,1.0
1405,1968905,1163805,0.5
1406,1969998,935627,1.0
1407,1970869,183574,0.5
1408,1972840,1560109,0.3333333333333333
1409,1972840,305251,0.3333333333333333
1410,1974602,1010789,0.3333333333333333
1411,1974847,1857716,0.5
1412,1975580,582750,0.25
1413,1975580,183574,0.25
1414,1977044,1212407,1.25
1415,1977489,1508796,1.5
1416,1978043,1978311,0.25
1417,1978043,1922931,0.25
1418,1978136,422074,0.5
1419,1979110,387559,0.5
1420,1979147,386114,1.25
1421,1979147,1824580,1.0
1422,1979574,1715832,0.5
1423,1981342,1389839,1.3333333333333333
1424,1981875,1947329,1.0
1425,1982107,1712011,0.3333333333333333
1426,1982578,582750,0.75
1427,1982578,1200739,0.25
1428,1984622,1119495,0.25
1429,1986907,3977,1.0
1430,1986907,1591922,3.0
1431,1988364,77496,0.3333333333333333
1432,1989434,1478385,0.3333333333333333
1433,1989434,1406766,0.6666666666666666
1434,1989502,1371401,0.6666666666666666
1435,1989954,1689853,0.5
1436,1990375,1095413,1.0
1437,1991730,70508,0.5
1438,1994167,311456,0.5
1439,1995017,1184617,0.6666666666666666
1440,1996285,364758,0.5
1441,1997160,1597363,0.3333333333333333
1442,199811,1193479,0.5
1443,1999528,1821395,2.5
1444,1999907,1224723,1.0
1445,1999907,887145,0.5
1446,2002146,538265,2.5
1447,2002619,1556135,0.3333333333333333
1448,2002831,2056101,1.0
1449,200312,1740976,0.25
1450,2003229,1132810,0.3333333333333333
1451,2003229,1703681,0.3333333333333333
1452,2003568,692159,0.5
1453,2005650,1027357,2.0
1454,2005828,1414976,0.5
1455,2005828,935627,0.5
1456,2009054,1922706,0.3333333333333333
1457,2009054,1016948,0.3333333333333333
1458,2009172,1213409,0.6666666666666666
1459,2009459,1854526,1.0
1460,2009626,1711563,0.5
1461,2011276,896934,0.5
1462,2011322,522560,0.5
1463,2015560,1092575,0.5
1464,2016084,311144,0.25
1465,2016858,2016150,0.5
1466,201817,1633041,0.5
1467,201894,331021,0.5
1468,2019614,121509,2.25
1469,2019614,1715133,0.25
1470,2021429,1481599,0.5
1471,2022347,1953169,0.25
1472,2024,1764191,0.5
1473,2025047,2037473,1.0
1474,2027134,138084,0.5
1475,2028070,441238,2.0
1476,2028740,1486005,0.3333333333333333
1477,2029520,1168192,0.5
1478,203212,323936,1.0
1479,203212,1182729,0.5
1480,2036205,1247781,0.5
1481,2036754,1996529,0.5
1482,2036992,167857,0.3333333333333333
1483,2037009,1403337,0.5
1484,2039516,571705,0.5
1485,2039516,842731,0.5
1486,2039516,1202347,0.25
1487,2039687,1211133,0.25
1488,2039687,327638,0.25
1489,2040417,1781071,0.25
1490,2040417,1488860,0.5
1491,2041230,1714458,0.25
1492,204189,750208,0.5
1493,204284,1832960,1.0
1494,2042873,1580252,2.5
1495,2042873,858157,0.5
1496,204437,1677298,0.3333333333333333
1497,204486,1198970,0.6666666666666666
1498,2045434,138571,0.5
1499,2046328,912731,0.3333333333333333
1500,2046583,248937,1.0
1501,2046862,1799465,0.25
1502,2048366,315367,0.6666666666666666
1503,2048366,1922706,5.0
1504,2049619,359656,0.5
1505,2050059,1238837,0.3333333333333333
1506,2050059,705364,0.3333333333333333
1507,2050334,1780259,0.25
1508,2050334,798037,0.25
1509,2052076,130405,1.0
1510,2053323,1553317,0.5
1511,2053324,1058597,7.333333333333333
1512,205354,1996735,2.5
1513,2054297,1740680,0.25
1514,2056497,1426542,0.25
1515,2056497,1761053,0.25
1516,206233,1633041,1.3333333333333333
1517,210692,1773318,0.3333333333333333
1518,212074,866256,3.0
1519,212721,1064648,0.5
1520,213576,588110,0.5
1521,215029,875845,1.0
1522,215049,1295538,1.0
1523,216358,1590045,2.5
1524,216870,507937,1.0
1525,217130,798037,0.3333333333333333
1526,217918,35484,1.0
1527,218178,1582352,1.5
1528,218751,1997397,0.6666666666666666
1529,218751,552404,0.3333333333333333
1530,21876,1237908,0.5
1531,220284,875214,0.5
1532,221688,165539,0.3333333333333333
1533,222531,1865831,0.5
1534,222907,1894937,1.0
1535,223406,924964,2.6666666666666665
1536,225604,288653,0.25
1537,226547,1231198,1.0
1538,228576,298541,0.3333333333333333
1539,229583,1961995,0.3333333333333333
1540,230453,1492514,0.5
1541,231764,482917,5.25
1542,233071,1177883,0.3333333333333333
1543,233071,712958,0.3333333333333333
1544,233780,1178427,1.5
1545,234410,1898213,1.0
1546,23607,1439860,0.25
1547,23607,1799465,0.25
1548,23607,204495,0.25
1549,236348,1486005,0.5
1550,237218,276850,0.6666666666666666
1551,237414,1868968,0.3333333333333333
1552,237786,2056951,0.5
1553,238657,1926569,0.6666666666666666
1554,240947,1286021,0.25
1555,241592,1814978,0.5
1556,241592,1318120,0.5
1557,241942,1239235,11.333333333333334
1558,24391,1104163,0.25
1559,24391,1010789,0.25
1560,244314,513486,3.5
1561,244314,1201862,1.0
1562,245184,688709,5.5
1563,246524,513486,0.25
1564,247057,1486005,0.6666666666666666
1565,247057,425126,0.6666666666666666
1566,247057,1885851,0.6666666666666666
1567,252583,738227,0.5
1568,252583,1545087,0.5
1569,254241,1049570,0.5
1570,255317,2047125,0.3333333333333333
1571,256071,1231608,2.5
1572,256637,1933736,0.3333333333333333
1573,25760,629825,0.5
1574,257808,1255844,1.3333333333333333
1575,257808,64694,0.3333333333333333
1576,257856,1531830,3.0
1577,257856,911641,1.25
1578,25815,890792,1.5
1579,260535,1306779,1.0
1580,260644,190756,0.25
1581,261378,227818,1.6666666666666667
1582,261378,622438,0.3333333333333333
1583,261775,629825,0.5
1584,261775,29474,0.5
1585,262230,1166053,0.3333333333333333
1586,262857,1215256,1.0
1587,263646,88219,1.0
1588,264131,1961995,0.5
1589,264131,799976,1.5
1590,264307,1373523,0.5
1591,266449,1833108,0.5
1592,26762,1590045,0.75
1593,26762,1104163,0.5
1594,26762,575740,0.25
1595,270333,321023,0.5
1596,270333,1966291,0.5
1597,27070,142127,0.5
1598,270948,1384050,0.5
1599,272993,1529519,0.3333333333333333
1600,273682,371614,0.3333333333333333
1601,274594,1797523,0.3333333333333333
1602,274815,868750,0.5
1603,276222,329853,0.5
1604,27629,680915,0.5
1605,276592,538265,1.0
1606,276592,1920046,0.3333333333333333
1607,277147,1560109,0.3333333333333333
1608,277840,1278899,0.6666666666666666
1609,281562,1052657,1.0
1610,282613,1153863,0.3333333333333333
1611,283792,546016,1.3333333333333333
1612,284056,485206,0.5
1613,28413,826214,0.3333333333333333
1614,284224,520119,2.0
1615,284813,441238,1.0
1616,28600,1970926,0.5
1617,286511,854180,1.0
1618,286511,1371401,1.0
1619,287297,833151,1.6666666666666667
1620,287608,1069889,1.0
1621,288330,2047359,0.5
1622,289132,1752258,0.25
1623,28933,875845,0.3333333333333333
1624,290321,1831911,0.3333333333333333
1625,29120,1146456,0.5
1626,291271,809402,0.3333333333333333
1627,291271,1118013,1.6666666666666667
1628,291627,1874249,0.6666666666666666
1629,291627,1026247,3.0
1630,292699,1630453,1.3333333333333333
1631,293056,311456,0.3333333333333333
1632,294251,1613275,6.0
1633,295319,218088,1.0
1634,296242,206801,0.5
1635,296242,1183146,4.0
1636,300367,102345,1.5
1637,300443,2056951,0.75
1638,301628,70508,0.5
1639,303383,422074,1.5
1640,304654,728731,5.0
1641,307446,1033928,2.0
1642,308001,35484,1.0
1643,308131,581350,0.3333333333333333
1644,308131,839291,0.3333333333333333
1645,308371,812304,5.0
1646,312794,1256648,0.5
1647,313444,1032983,1.5
1648,3135,900507,1.75
1649,313832,1805349,0.5
1650,313842,1114491,0.5
1651,314418,921660,0.6666666666666666
1652,314649,1799465,2.3333333333333335
1653,315803,1616661,0.5
1654,315921,1828894,0.25
1655,315921,168441,0.25
1656,316173,1756458,3.3333333333333335
1657,316173,623801,0.3333333333333333
1658,318074,415052,0.3333333333333333
1659,318269,1230778,1.3333333333333333
1660,318269,842463,0.6666666666666666
1661,318575,1026387,0.25
1662,319416,563058,2.5
1663,320285,366948,0.25
1664,32117,1715133,1.0
1665,321813,902683,0.6666666666666666
1666,32210,711848,0.5
1667,322356,375971,0.5
1668,322356,20790,0.5
1669,323368,1477786,1.3333333333333333
1670,324838,1795797,1.0
1671,325475,1780259,0.5
1672,326148,532669,0.3333333333333333
1673,326155,1283781,2.0
1674,327293,1239320,1.0
1675,327556,219011,0.25
1676,32842,994856,0.3333333333333333
1677,32842,1740680,0.6666666666666666
1678,328463,582983,1.0
1679,328534,1964113,0.5
1680,32991,120848,0.25
1681,32991,2050572,0.75
1682,330060,858157,0.3333333333333333
1683,332074,1508796,0.3333333333333333
1684,332302,366378,0.5
1685,334076,414174,1.5
1686,334076,843690,0.5
1687,334720,1647019,0.5
1688,336045,1286021,2.3333333333333335
1689,336266,851150,0.5
1690,33741,2031328,0.25
1691,33741,210116,0.25
1692,337777,1713882,0.5
1693,337942,866256,2.0
1694,339349,1027357,0.75
1695,339359,815831,1.5
1696,340720,1027357,10.0
1697,341934,1764191,2.25
1698,341934,791745,3.25
1699,341934,804755,4.0
1700,342091,1787742,1.0
1701,342137,1707235,0.25
1702,342137,1748612,0.25
1703,342270,1535715,5.333333333333333
1704,343143,1797217,3.0
1705,343300,935012,2.0
1706,343886,1553317,1.0
1707,344326,165539,0.5
1708,344326,1950237,0.5
1709,344367,1391097,0.25
1710,344971,1873475,0.25
1711,344971,1300441,0.25
1712,344971,1623991,0.25
1713,345120,1661263,0.3333333333333333
1714,345616,1712011,0.25
1715,34586,1096588,0.25
1716,346998,284248,0.3333333333333333
1717,347051,552404,0.3333333333333333
1718,348630,1128693,4.5
1719,349267,97253,0.5
1720,349267,1582352,0.5
1721,351018,1905798,1.5
1722,351123,851150,0.5
1723,351123,215225,0.5
1724,351454,1902183,0.5
1725,352043,504183,2.0
1726,35264,1114491,0.6666666666666666
1727,355169,1582960,2.5
1728,35616,86802,1.0
1729,356206,1084283,0.5
1730,356565,2046438,0.6666666666666666
1731,35662,1854774,1.75
1732,357112,2037861,0.25
1733,357112,556694,0.25
1734,35774,372819,0.75
1735,358614,1097778,5.25
1736,358614,1780006,3.75
1737,358614,750720,2.0
1738,35992,1497477,0.5
1739,36146,1118013,0.5
1740,36154,711848,0.3333333333333333
1741,363196,709162,0.5
1742,363561,1500421,0.3333333333333333
1743,365316,1791263,1.5
1744,366335,1027357,0.3333333333333333
1745,367535,655415,0.6666666666666666
1746,3679,138069,7.0
1747,369078,875845,0.3333333333333333
1748,370554,673021,1.5
1749,371061,1682758,0.5
1750,371580,1950749,1.0
1751,372965,1314497,1.0
1752,374393,552404,1.0
1753,375923,892619,0.3333333333333333
1754,384409,544932,1.5
1755,384617,489067,0.5
1756,385287,950342,0.5
1757,385931,652320,1.0
1758,386675,1945778,0.6666666666666666
1759,386675,1189659,0.6666666666666666
1760,388784,1402706,0.25
1761,388906,1546931,0.6666666666666666
1762,388931,1306004,0.5
1763,388931,276249,0.5
1764,390862,146480,0.5
1765,390890,366378,0.25
1766,391114,586147,7.666666666666667
1767,391865,1356535,0.25
1768,391865,858157,0.25
1769,392428,669978,0.25
1770,393373,1095413,0.3333333333333333
1771,39366,883740,0.5
1772,39366,546062,0.5
1773,395266,622438,1.5
1774,396689,1237908,1.3333333333333333
1775,399280,2018951,1.6666666666666667
1776,399289,168178,0.5
1777,399514,1463307,0.25
1778,399877,1389839,0.5
1779,400851,1966291,0.25
1780,400855,1734354,0.6666666666666666
1781,401389,816256,0.25
1782,401785,912731,0.5
1783,401785,1864247,0.5
1784,401785,10632,0.75
1785,402079,680915,0.75
1786,402079,1945778,0.25
1787,402150,1013034,0.5
1788,402648,1634524,1.5
1789,403105,1392615,1.0
1790,403105,81411,0.6666666666666666
1791,404893,97387,0.5
1792,404893,1499343,0.5
1793,405227,239999,0.3333333333333333
1794,405433,4766,0.5
1795,406543,728731,1.0
1796,407974,2046496,0.5
1797,407974,851150,2.0
1798,408327,181058,0.6666666666666666
1799,408327,752442,0.6666666666666666
1800,40866,778170,0.5
1801,410591,1193479,0.3333333333333333
1802,410591,38203,0.3333333333333333
1803,411571,1171496,0.25
1804,411980,1894937,0.5
1805,412105,1824580,0.5
1806,413066,664368,0.3333333333333333
1807,41380,1557696,0.5
1808,41380,1623451,0.5
1809,415001,1182729,0.25
1810,415007,1757190,0.5
1811,415359,1931956,0.25
1812,415359,167857,0.25
1813,415364,597723,2.0
1814,415364,1953169,0.5
1815,416441,368586,0.5
1816,41655,902683,0.5
1817,41655,1396373,0.25
1818,41655,1921772,0.5
1819,417522,1306779,3.0
1820,417894,1087826,0.5
1821,417894,1945778,1.0
1822,419957,1293337,0.5
1823,419957,809402,0.5
1824,421877,575740,0.5
1825,422008,1676605,0.25
1826,42256,774546,0.3333333333333333
1827,423559,290894,0.25
1828,423559,1707064,0.25
1829,423559,1529698,0.25
1830,424601,1763386,1.3333333333333333
1831,425648,131603,0.25
1832,425648,705364,0.5
1833,425923,765102,1.0
1834,426739,1092405,0.3333333333333333
1835,426739,517842,0.6666666666666666
1836,426940,1457093,0.3333333333333333
1837,426940,43935,0.6666666666666666
1838,426940,875214,0.6666666666666666
1839,426975,332043,0.3333333333333333
1840,426975,1859048,1.3333333333333333
1841,427624,368586,1.0
1842,427624,1267677,0.6666666666666666
1843,427816,454137,1.0
1844,428120,707469,1.0
1845,428180,1345555,0.3333333333333333
1846,428596,351747,1.0
1847,431018,606791,0.5
1848,433767,1344749,0.5
1849,433911,35047,0.5
1850,434890,255204,1.3333333333333333
1851,4349,1267677,4.333333333333333
1852,43490,818837,2.75
1853,43490,1156812,1.25
1854,435083,413818,0.5
1855,435803,415067,0.5
1856,435803,410343,0.5
1857,436359,1406241,0.25
1858,436359,1232278,0.25
1859,436359,1643144,0.25
1860,436635,10632,0.3333333333333333
1861,43867,1315764,0.5
1862,439468,1301054,0.5
1863,439725,864707,0.5
1864,439862,842444,1.5
1865,439862,1593454,4.5
1866,442401,693979,0.25
1867,442401,177343,0.25
1868,442878,1345555,0.25
1869,443825,237947,0.25
1870,443825,302289,0.25
1871,447869,1385578,0.3333333333333333
1872,447869,1283781,1.6666666666666667
1873,447869,1953864,0.3333333333333333
1874,450456,1503711,0.5
1875,450782,178358,16.666666666666668
1876,450782,1594701,1.0
1877,452445,1185322,0.6666666666666666
1878,453677,1996529,0.25
1879,453722,1548436,0.25
1880,453722,1602434,0.25
1881,453944,1989393,1.3333333333333333
1882,454987,833151,1.5
1883,454987,1256224,1.5
1884,455457,1089493,0.25
1885,457618,1447335,0.3333333333333333
1886,459157,1559247,1.0
1887,461234,43935,0.3333333333333333
1888,461454,1181819,0.25
1889,463889,1309205,0.75
1890,467052,1167121,1.0
1891,468695,1950237,2.0
1892,468997,1602434,0.5
1893,470033,1407263,0.75
1894,470101,491201,0.25
1895,472360,749635,0.5
1896,47465,208010,0.5
1897,477435,1931956,0.3333333333333333
1898,477435,1842060,0.3333333333333333
1899,479582,848708,0.6666666666666666
1900,479582,1267677,0.6666666666666666
1901,48038,2013425,0.5
1902,480835,1344749,0.3333333333333333
1903,480835,781210,0.3333333333333333
1904,480870,3977,1.0
1905,480870,1591922,1.0
1906,481383,105684,0.3333333333333333
1907,482452,868750,0.5
1908,482452,1616661,0.5
1909,48270,784116,1.5
1910,483835,854180,1.0
1911,483835,135733,0.25
1912,484241,1885851,0.25
1913,484410,606791,0.25
1914,485242,1200400,0.5
1915,486063,1651509,0.5
1916,486346,1293337,0.5
1917,486510,1477786,2.0
1918,48762,416332,2.5
1919,488897,1223582,1.5
1920,488897,1229887,0.25
1921,489792,346524,2.0
1922,491891,103980,1.0
1923,491992,1345555,0.5
1924,492686,1477786,0.25
1925,492686,1707064,0.25
1926,492686,415067,0.25
1927,494450,1813371,1.75
1928,494450,963197,1.5
1929,494710,762833,1.0
1930,496294,374018,0.5
1931,496294,1780006,0.25
1932,49634,218339,0.3333333333333333
1933,49634,1698174,0.3333333333333333
1934,496571,717912,0.5
1935,498248,89180,0.6666666666666666
1936,498248,1344749,0.3333333333333333
1937,500068,1740976,1.3333333333333333
1938,500950,1677760,1.3333333333333333
1939,501025,1781071,0.6666666666666666
1940,501619,1429542,1.0
1941,502793,1301054,0.5
1942,50397,1383869,1.0
1943,50397,944058,0.5
1944,50449,1723849,1.0
1945,504720,1679064,0.3333333333333333
1946,504842,581350,0.6666666666666666
1947,50557,178358,0.5
1948,506355,680915,0.3333333333333333
1949,506625,1702563,1.0
1950,507784,210018,0.6666666666666666
1951,5091,993346,7.0
1952,509761,1385578,0.6666666666666666
1953,509761,1953864,0.3333333333333333
1954,51153,1691682,0.3333333333333333
1955,511589,1153863,1.0
1956,518346,552404,0.25
1957,518663,283926,0.5
1958,518829,1819621,1.0
1959,518864,377566,0.5
1960,518864,749102,0.5
1961,520887,2048991,0.25
1962,520887,1777070,0.25
1963,521355,1305966,0.5
1964,522666,1713882,0.3333333333333333
1965,523752,1239235,1.0
1966,523807,399760,1.0
1967,524107,1739767,1.0
1968,524107,1049570,0.75
1969,524107,1633620,1.75
1970,524434,1582787,0.3333333333333333
1971,524434,1609264,0.3333333333333333
1972,528087,1027313,0.25
1973,528087,1528442,1.5
1974,528087,692640,0.25
1975,528087,648650,1.0
1976,529862,1556135,2.0
1977,529980,43935,3.0
1978,531239,441238,1.0
1979,532090,564456,1.0
1980,532090,1113425,0.5
1981,532292,218339,0.25
1982,532527,1315059,0.6666666666666666
1983,534517,1240910,2.0
1984,535838,332345,0.5
1985,535878,1854526,0.5
1986,537011,967092,3.0
1987,537697,485206,0.3333333333333333
1988,538755,91644,0.5
1989,539612,1644428,0.5
1990,539967,1623451,0.25
1991,539967,1819621,0.25
1992,540614,1056844,0.6666666666666666
1993,540614,1888052,1.6666666666666667
1994,540799,1261650,0.5
1995,541113,1979350,0.3333333333333333
1996,541494,198602,1.5
1997,542180,818837,0.25
1998,542765,1118646,0.25
1999,543055,1212407,0.25
2000,543449,1535707,0.3333333333333333
2001,546079,311144,0.3333333333333333
2002,546733,616918,0.3333333333333333
2003,548321,707469,0.5
2004,548616,1996735,0.6666666666666666
2005,550954,1372707,1.5
2006,552162,1391883,1.3333333333333333
2007,554895,1643243,0.3333333333333333
2008,554895,1407263,0.3333333333333333
2009,555486,1736882,0.75
2010,557638,1862999,0.25
2011,559168,1026387,0.25
2012,559506,323936,1.25
2013,560266,1616761,0.5
2014,560472,1457093,0.25
2015,560956,1179322,1.0
2016,561298,105684,0.5
2017,561627,171342,1.0
2018,562686,2003720,1.5
2019,566369,1439892,1.0
2020,567294,474370,0.3333333333333333
2021,567410,1172494,0.5
2022,56953,864707,1.0
2023,56953,1384756,2.0
2024,571639,1801590,0.3333333333333333
2025,571841,413686,0.75
2026,571916,1677337,0.3333333333333333
2027,573375,290894,0.25
2028,573375,1477786,1.25
2029,575088,536821,0.5
2030,575088,1728313,0.5
2031,57613,1590045,0.25
2032,57613,1802568,0.25
2033,57613,626185,0.25
2034,577153,1996735,0.5
2035,577404,1503756,1.25
2036,579793,252587,0.5
2037,582381,1256224,0.5
2038,582760,1168192,0.25
2039,582760,1105769,0.5
2040,583079,1229887,0.3333333333333333
2041,583079,1510122,0.3333333333333333
2042,583174,2019814,0.3333333333333333
2043,583955,1740680,0.3333333333333333
2044,585245,912731,0.5
2045,585392,1811728,1.0
2046,585802,383689,1.5
2047,585802,1223295,1.5
2048,586233,536821,0.5
2049,586233,1728313,0.5
2050,587020,1410533,2.0
2051,588948,579521,0.75
2052,588979,1599214,0.5
2053,589817,1854774,0.6666666666666666
2054,591743,1211133,0.3333333333333333
2055,592266,1247781,10.0
2056,592610,1924688,0.5
2057,592610,531721,0.5
2058,593100,711735,0.5
2059,594110,1371401,0.3333333333333333
2060,595576,425051,4.666666666666667
2061,596749,595602,0.5
2062,597197,1557696,0.5
2063,597382,623801,0.3333333333333333
2064,597414,1193479,0.3333333333333333
2065,597730,750208,0.75
2066,597730,10254,0.75
2067,598267,1198970,1.0
2068,598386,1535707,1.0
2069,598491,413548,1.3333333333333333
2070,598851,1819621,0.6666666666666666
2071,598851,1410761,4.0
2072,599389,1026387,0.25
2073,600279,1508796,1.0
2074,600279,1032983,0.3333333333333333
2075,601709,1644428,1.3333333333333333
2076,602168,784116,0.25
2077,603609,131731,0.5
2078,605320,1265920,2.0
2079,605491,784116,1.0
2080,605930,1127458,1.0
2081,605964,1275445,0.6666666666666666
2082,605964,144930,0.6666666666666666
2083,606718,772658,0.3333333333333333
2084,607865,1538892,0.5
2085,608300,860078,0.5
2086,609228,1922931,0.3333333333333333
2087,611118,1937142,1.0
2088,611987,1087826,2.0
2089,61271,1550213,0.25
2090,613164,351463,0.5
2091,613279,648650,0.6666666666666666
2092,613372,1410533,0.5
2093,614079,97253,0.5
2094,615090,1140852,1.0
2095,615552,1380846,0.3333333333333333
2096,615621,780383,0.25
2097,615621,823556,0.5
2098,615621,1014324,0.5
2099,616253,1608768,3.0
2100,616253,106996,0.6666666666666666
2101,616457,581350,0.3333333333333333
2102,618930,268801,0.5
2103,618930,1337679,0.5
2104,618988,1293216,2.0
2105,618988,483125,0.5
2106,619057,1857716,0.5
2107,619967,1052657,0.5
2108,620741,77496,0.3333333333333333
2109,621719,574699,5.5
2110,622379,152132,0.3333333333333333
2111,622379,1711148,0.6666666666666666
2112,622847,190756,0.6666666666666666
2113,624495,944058,0.3333333333333333
2114,624495,293461,0.3333333333333333
2115,624676,1959388,1.0
2116,628830,1868968,0.5
2117,629437,753027,0.25
2118,629472,1545087,1.0
2119,630842,1922931,0.25
2120,632272,2004479,2.0
2121,634187,807351,0.3333333333333333
2122,634187,1331862,0.3333333333333333
2123,634480,1128693,1.5
2124,634480,50168,9.5
2125,638023,451312,1.5
2126,639226,97387,0.5
2127,639461,1027357,0.5
2128,639461,102345,1.5
2129,640508,517112,0.5
2130,640808,967092,2.3333333333333335
2131,641380,582983,1.0
2132,641393,504183,0.5
2133,643070,1916556,1.0
2134,643740,1702563,0.5
2135,64449,1014324,0.5
2136,645257,582280,0.3333333333333333
2137,645396,2056951,1.25
2138,645703,311456,0.5
2139,647379,1764191,0.5
2140,648029,1309205,0.5
2141,648364,919741,3.0
2142,649519,483125,0.5
2143,650524,590244,0.25
2144,653005,1392615,0.6666666666666666
2145,653005,579521,1.0
2146,653208,823336,1.0
2147,65337,2019657,1.25
2148,65337,81411,1.75
2149,654046,1414976,0.5
2150,655263,1307387,0.5
2151,655263,2047359,1.75
2152,655333,372819,1.0
2153,656711,1940857,0.3333333333333333
2154,657623,610503,2.5
2155,657623,198602,0.5
2156,658666,648006,0.5
2157,658735,860078,0.5
2158,664238,1970926,2.5
2159,665412,1760760,1.0
2160,665412,802668,1.0
2161,669165,1756458,1.0
2162,669165,1802568,0.3333333333333333
2163,669165,1682249,1.6666666666666667
2164,67036,1546687,0.5
2165,672617,1384050,0.5
2166,673202,1557559,3.5
2167,677772,351747,0.5
2168,677989,1429542,2.0
2169,678260,1593454,0.25
2170,678944,1675486,0.3333333333333333
2171,678944,425126,0.6666666666666666
2172,678944,1430902,0.6666666666666666
2173,679399,48176,0.5
2174,679680,482917,1.0
2175,680800,766715,0.5
2176,680800,1602434,1.5
2177,681769,780383,0.5
2178,68266,2019814,0.25
2179,68266,1877576,0.25
2180,682695,1799971,0.3333333333333333
2181,686149,10632,0.25
2182,68774,288653,0.25
2183,688053,427354,1.75
2184,688352,752442,0.5
2185,689060,1494972,0.25
2186,689375,271857,0.5
2187,6897,911282,0.5
2188,690375,662042,1.6666666666666667
2189,691500,1214771,0.5
2190,692630,1550465,0.3333333333333333
2191,692630,1105658,0.3333333333333333
2192,692630,1766477,0.3333333333333333
2193,692641,1008293,0.3333333333333333
2194,692662,744592,1.0
2195,693525,673021,0.5
2196,693701,1119151,2.0
2197,696168,935627,0.25
2198,696168,670579,0.25
2199,696536,179456,0.5
2200,697896,1036484,1.0
2201,698711,341679,0.3333333333333333
2202,698711,240119,0.3333333333333333
2203,699002,1026387,0.25
2204,700442,1868968,0.5
2205,700695,450127,0.5
2206,701035,1179322,0.6666666666666666
2207,701403,372819,1.0
2208,701403,1574692,1.5
2209,701680,826214,0.5
2210,702327,1557559,0.5
2211,702922,1599214,0.6666666666666666
2212,702922,875214,2.3333333333333335
2213,702922,912731,2.0
2214,702946,1920046,0.3333333333333333
2215,703456,1198970,1.5
2216,704284,285632,0.5
2217,705831,2023241,0.5
2218,706369,1495694,0.5
2219,706937,1385578,1.0
2220,707079,843301,1.5
2221,707537,911282,1.0
2222,710292,805820,1.0
2223,712140,1781071,1.0
2224,713144,1748612,0.6666666666666666
2225,713144,843301,0.3333333333333333
2226,71463,1559247,0.5
2227,715390,1734354,1.0
2228,715591,2003720,2.3333333333333335
2229,716878,624446,0.5
2230,718764,1582960,1.0
2231,718764,1499343,0.6666666666666666
2232,719203,1280078,1.0
2233,719882,1682758,0.3333333333333333
2234,721478,1247781,0.5
2235,721717,536821,1.0
2236,721717,1571017,2.0
2237,72226,2004479,1.0
2238,72226,286012,0.5
2239,722867,271857,1.0
2240,722867,1662076,4.666666666666667
2241,724471,10632,0.3333333333333333
2242,724962,427354,3.5
2243,725590,284248,0.5
2244,726808,1767939,1.3333333333333333
2245,726808,410518,0.6666666666666666
2246,726992,1239235,0.5
2247,727345,1329428,0.25
2248,727345,364758,0.25
2249,727345,1784743,1.5
2250,728187,1740680,1.0
2251,728928,848708,0.5
2252,731200,765102,0.5
2253,732444,1545087,0.3333333333333333
2254,738207,1089493,0.5
2255,740025,450127,0.6666666666666666
2256,740046,1931956,2.6666666666666665
2257,740181,1727090,2.5
2258,740181,2020852,2.5
2259,740298,1152649,0.3333333333333333
2260,740314,1734138,0.3333333333333333
2261,741880,2035425,0.3333333333333333
2262,742034,218276,0.3333333333333333
2263,74422,1087875,1.0
2264,746601,1127458,1.3333333333333333
2265,746889,1320666,0.5
2266,748216,79441,0.3333333333333333
2267,749065,367090,0.5
2268,749265,517463,0.3333333333333333
2269,749275,1940600,0.5
2270,749457,653911,0.3333333333333333
2271,750171,427354,1.0
2272,750627,1214576,0.3333333333333333
2273,750657,609913,2.75
2274,750657,1153863,0.25
2275,751806,415858,0.6666666666666666
2276,751806,1827002,0.3333333333333333
2277,751922,1487549,3.5
2278,752204,1488860,0.5
2279,7524,844609,0.6666666666666666
2280,75421,1798679,1.75
2281,75421,1673520,0.25
2282,754314,1100688,0.5
2283,755759,1715133,0.3333333333333333
2284,756884,1179322,0.5
2285,760627,1950749,0.5
2286,761153,1315059,1.0
2287,761979,1290627,0.25
2288,761979,781210,0.25
2289,761979,433012,0.75
2290,763606,911282,0.5
2291,766213,474370,5.0
2292,768253,1429542,1.0
2293,768498,401449,0.5
2294,768970,720598,1.5
2295,769096,1306004,0.3333333333333333
2296,770272,629394,0.5
2297,770272,1275445,1.5
2298,770705,1229887,1.0
2299,770995,586147,1.5
2300,771584,1097778,0.3333333333333333
2301,771584,737096,0.3333333333333333
2302,771584,1780006,0.3333333333333333
2303,772253,283926,0.5
2304,774850,1212407,0.3333333333333333
2305,776494,1529519,0.25
2306,778946,1560109,0.5
2307,77939,714859,1.0
2308,77939,1661263,3.0
2309,779404,290894,0.3333333333333333
2310,78127,597723,0.6666666666666666
2311,781274,1595197,0.5
2312,781356,1119495,1.0
2313,782686,399760,0.5
2314,783159,1997397,0.25
2315,78349,978183,0.5
2316,784799,1450871,0.5
2317,784799,16601,0.5
2318,78567,271857,0.5
2319,78596,303147,0.5
2320,786147,1894937,0.3333333333333333
2321,786313,252587,0.3333333333333333
2322,786761,2004479,5.5
2323,787058,860078,0.3333333333333333
2324,787245,1616661,1.5
2325,787960,1118646,0.3333333333333333
2326,788877,1950749,1.0
2327,788939,1760760,5.0
2328,789985,582280,0.25
2329,789985,725479,1.75
2330,790206,536821,1.0
2331,790206,1728313,1.3333333333333333
2332,790206,1571017,1.0
2333,790852,1410533,0.5
2334,791648,1312587,0.5
2335,792520,230026,0.3333333333333333
2336,792864,171342,0.3333333333333333
2337,792864,849017,0.6666666666666666
2338,793728,1256648,0.5
2339,795067,1781071,1.0
2340,795573,606791,0.5
2341,796560,1371401,0.3333333333333333
2342,797125,401449,0.25
2343,797125,1756458,0.75
2344,798505,1937478,0.5
2345,798505,734351,3.0
2346,799038,1306779,1.0
2347,800906,43935,0.3333333333333333
2348,801077,1798679,1.0
2349,802208,171342,0.5
2350,803441,375971,3.0
2351,804127,1410761,4.0
2352,804679,1620583,0.5
2353,804849,1431195,0.3333333333333333
2354,804849,105684,0.3333333333333333
2355,805178,479462,0.5
2356,805342,1209823,0.3333333333333333
2357,805342,121509,0.3333333333333333
2358,80538,1039231,0.5
2359,80538,218339,0.5
2360,806267,315367,0.3333333333333333
2361,806267,1922706,1.0
2362,80721,690183,1.0
2363,808634,1580252,1.0
2364,809228,1922706,0.75
2365,809362,1177883,0.5
2366,812338,798772,0.5
2367,813340,583061,1.0
2368,813340,1810057,0.6666666666666666
2369,813836,1978686,0.25
2370,814349,1317350,1.5
2371,814736,1761053,0.5
2372,815806,563058,0.5
2373,815920,603488,0.5
2374,816846,1171496,0.5
2375,817371,796559,0.5
2376,817751,418778,10.0
2377,818403,1224531,0.3333333333333333
2378,819690,10632,2.0
2379,82013,198602,0.5
2380,820232,120848,0.5
2381,820539,517842,0.3333333333333333
2382,820539,640462,0.6666666666666666
2383,822176,248937,0.6666666666666666
2384,823120,122590,0.5
2385,823448,950342,0.5
2386,82353,2031328,0.5
2387,825618,574699,2.5
2388,825858,1179322,0.5
2389,826064,791745,0.3333333333333333
2390,826064,804755,0.6666666666666666
2391,826333,1251525,4.0
2392,82695,1711563,0.3333333333333333
2393,827607,711848,1.0
2394,827646,483125,1.0
2395,830771,1727090,0.25
2396,830771,1990413,0.25
2397,831825,97387,0.25
2398,83217,1892228,0.3333333333333333
2399,833738,762833,0.5
2400,833852,1715133,1.0
2401,834077,1194298,0.3333333333333333
2402,834766,1897162,5.0
2403,834766,1791898,2.0
2404,836453,1503711,0.5
2405,836568,1558627,0.5
2406,837104,1559483,0.75
2407,837979,1560109,0.5
2408,839368,1601192,0.5
2409,83955,626187,2.0
2410,841327,198602,0.25
2411,842256,103980,1.3333333333333333
2412,84410,1623991,0.5
2413,84410,967109,2.0
2414,845251,1897162,0.5
2415,845462,564456,3.3333333333333335
2416,8461,165539,0.75
2417,8461,1559247,0.25
2418,846176,1063224,2.5
2419,846853,1689853,0.5
2420,846912,1010958,0.5
2421,847223,2051718,1.5
2422,847223,1651509,2.0
2423,847575,227818,1.5
2424,848596,1293337,0.3333333333333333
2425,850158,1321233,1.0
2426,85063,1214771,0.25
2427,85063,1166966,0.25
2428,85063,2029006,0.25
2429,851460,239999,0.25
2430,852323,1140852,0.6666666666666666
2431,854614,1384050,0.5
2432,85488,606082,0.5
2433,855843,784116,0.25
2434,856657,300045,4.5
2435,858960,93569,0.75
2436,858960,1529698,1.0
2437,858960,1907119,0.5
2438,858960,415067,0.75
2439,861290,534922,0.25
2440,861290,10254,0.25
2441,862376,1582787,0.5
2442,865554,375971,1.0
2443,865833,81411,0.5
2444,867674,1140852,1.0
2445,867674,1665435,0.6666666666666666
2446,869139,50168,1.5
2447,869191,572154,0.25
2448,869191,1139594,1.0
2449,870114,1661263,4.5
2450,87015,457269,1.5
2451,871033,459559,0.25
2452,871076,1548243,0.5
2453,875070,1074507,2.5
2454,875907,1256648,0.5
2455,876634,1127458,0.5
2456,878366,772658,0.25
2457,881809,1651509,1.0
2458,881809,1339723,1.0
2459,882884,1044856,0.3333333333333333
2460,885017,1695468,0.5
2461,885609,798772,2.0
2462,887053,1330060,0.3333333333333333
2463,887714,268801,0.3333333333333333
2464,887714,517463,0.3333333333333333
2465,887714,1337679,0.3333333333333333
2466,887985,1249964,0.5
2467,888072,705202,0.5
2468,888072,1763386,0.5
2469,889278,823556,0.5
2470,893031,329853,2.25
2471,89323,1210397,0.5
2472,894671,921842,1.5
2473,897986,1926569,1.5
2474,899742,331021,0.5
2475,900003,900507,0.3333333333333333
2476,900598,1874249,2.5
2477,90068,1613275,0.3333333333333333
2478,902104,1253388,1.6666666666666667
2479,9024,1857716,2.0
2480,90295,1937478,0.5
2481,904197,1558627,1.0
2482,905853,1989393,2.0
2483,905853,1105658,0.3333333333333333
2484,90602,994856,1.0
2485,906392,1251525,0.25
2486,906639,1633041,2.5
2487,906639,520119,0.25
2488,907585,804646,0.3333333333333333
2489,908492,372819,1.0
2490,90868,1996735,0.6666666666666666
2491,909051,1463307,0.3333333333333333
2492,909323,171342,1.0
2493,909323,849017,1.0
2494,909396,1998640,0.5
2495,909396,31821,0.5
2496,910642,1633041,0.25
2497,912834,1657123,0.3333333333333333
2498,913800,1557559,2.5
2499,913862,727883,0.6666666666666666
2500,918283,1634524,1.0
2501,918551,1282308,1.25
2502,921027,1327344,0.6666666666666666
2503,921310,1677337,0.6666666666666666
2504,922740,625425,1.6666666666666667
2505,922909,745974,0.25
2506,922909,734351,0.25
2507,923273,255204,0.5
2508,923490,1980364,0.25
2509,926569,1916556,1.0
2510,926970,1182729,0.5
2511,926970,1008293,0.25
2512,927072,1556135,0.5
2513,927072,1632645,1.5
2514,928975,347251,1.0
2515,928975,410422,0.3333333333333333
2516,93023,860078,3.5
2517,930873,1711148,1.0
2518,932736,1959489,0.5
2519,932736,1087826,3.0
2520,934318,812304,0.5
2521,934636,965089,0.3333333333333333
2522,935098,268801,0.5
2523,935098,1337679,0.5
2524,936964,738227,1.0
2525,938751,809426,0.5
2526,939385,843301,2.0
2527,9404,1550465,0.25
2528,9404,1766477,0.25
2529,940437,1854446,1.0
2530,943092,1821395,3.3333333333333335
2531,943304,546016,3.0
2532,943676,2056951,0.5
2533,944807,372819,0.3333333333333333
2534,944844,586147,0.5
2535,945580,1306004,0.5
2536,947654,1546687,0.3333333333333333
2537,947698,1230778,0.3333333333333333
2538,947767,772177,1.0
2539,949226,1036484,0.5
2540,949346,774546,1.5
2541,950702,359656,0.5
2542,951103,332043,0.5
2543,95193,1996735,1.0
2544,952883,347251,0.5
2545,952969,50168,2.5
2546,954100,842444,0.3333333333333333
2547,954100,626187,1.0
2548,955265,35484,1.6666666666666667
2549,95679,1389839,0.25
2550,957053,1500421,0.25
2551,958332,883904,0.25
2552,958332,1418456,0.25
2553,958332,374018,0.25
2554,959155,1223295,1.5
2555,959175,1979309,0.5
2556,960443,1535707,1.75
2557,96074,924964,1.5
2558,961518,359656,0.5
2559,962659,1316354,0.5
2560,963743,215225,0.3333333333333333
2561,964312,1141394,0.5
2562,965950,1316354,0.5
2563,966248,1756458,0.5
2564,967213,1391097,0.3333333333333333
2565,968005,1256699,1.0
2566,968427,625789,0.3333333333333333
2567,9692,1092575,1.0
2568,971405,1700882,1.5
2569,971405,1314497,1.0
2570,972873,1166966,0.5
2571,97652,1026387,0.5
2572,978562,454137,0.5
2573,978574,1239320,0.5
2574,980448,565615,1.5
2575,981625,1980364,1.0
2576,983522,1548243,0.5
2577,983730,693979,0.3333333333333333
2578,983730,179456,0.3333333333333333
2579,985332,264107,0.5
2580,985760,688709,2.3333333333333335
2581,986022,48176,1.0
2582,986170,106996,0.5
2583,986170,182088,0.25
2584,986302,288653,0.3333333333333333
2585,987090,1643243,1.75
2586,987187,1056844,0.3333333333333333
2587,987278,1300441,0.3333333333333333
2588,987738,351438,0.25
2589,987738,959426,0.25
2590,98825,919741,0.3333333333333333
2591,989083,138069,3.6666666666666665
2592,989104,623801,0.3333333333333333
2593,991386,1897162,0.6666666666666666
2594,991804,1013034,0.6666666666666666
2595,991865,1321233,0.5
2596,99253,1295538,0.6666666666666666
2597,99253,232563,0.6666666666666666
2598,993313,192188,4.0
2599,993755,79441,0.5
2600,994537,1278899,0.3333333333333333
2601,995206,1639511,1.0
2602,995277,372819,0.3333333333333333
2603,996040,1118013,0.5
2604,997187,135733,4.0
2605,99818,1535715,0.5
2606,99832,1201990,0.5
2607,998816,65412,1.0
